{"leaderboard": {"easy": {"guest": {"Tiles": 75, "Time": 55.523314199992456}, "Jamie": {"Tiles": 175, "Time": 159.93607840000186}, "Sam": {"Tiles": 145, "Time": 24.13396270002704}, "Dylan": {"Tiles": 104, "Time": 76.26668919998338}}, "normal": {"Dylan": {"Tiles": 82, "Time": 149.6406729000155}, "guest": {"Tiles": 59, "Time": 46.774657799862325}}, "hard": {"Sam": {"Tiles": 34, "Time": 1.612796499975957}, "Dylan": {"Tiles": 44, "Time": 185.30779210000765}, "guest": {"Tiles": 31, "Time": 3.848445300012827}}}}